start,end,service
2025-08-20 11:39:05+0000,2025-08-20 11:39:35+0000,geo_service_container
2025-08-20 11:41:02+0000,2025-08-20 11:41:32+0000,recomd_service_container
2025-08-20 11:42:08+0000,2025-08-20 11:42:38+0000,recomd_service_container
2025-08-20 11:42:26+0000,2025-08-20 11:42:56+0000,profile_service_container
2025-08-20 11:42:43+0000,2025-08-20 11:43:13+0000,frontend_service_container
2025-08-20 11:44:10+0000,2025-08-20 11:44:40+0000,frontend_service_container
2025-08-20 11:44:40+0000,2025-08-20 11:44:45+0000,reserv_service_container
2025-08-20 11:46:27+0000,2025-08-20 11:46:57+0000,geo_service_container
2025-08-20 11:47:56+0000,2025-08-20 11:48:26+0000,frontend_service_container
2025-08-20 11:48:15+0000,2025-08-20 11:48:45+0000,frontend_service_container
2025-08-20 11:49:56+0000,2025-08-20 11:50:26+0000,geo_service_container
2025-08-20 11:49:57+0000,2025-08-20 11:50:27+0000,search_service_container
2025-08-20 11:51:30+0000,2025-08-20 11:51:31+0000,frontend_service_container
2025-08-20 11:53:02+0000,2025-08-20 11:53:32+0000,frontend_service_container
2025-08-20 11:54:05+0000,2025-08-20 11:54:35+0000,geo_service_container
2025-08-20 11:54:13+0000,2025-08-20 11:54:15+0000,user_service_container
2025-08-20 11:54:30+0000,2025-08-20 11:55:00+0000,geo_service_container
2025-08-20 11:54:47+0000,2025-08-20 11:55:17+0000,frontend_service_container
2025-08-20 11:55:38+0000,2025-08-20 11:56:08+0000,rate_service_container
2025-08-20 11:57:28+0000,2025-08-20 11:57:58+0000,frontend_service_container
2025-08-20 11:59:17+0000,2025-08-20 11:59:47+0000,frontend_service_container
2025-08-20 11:59:23+0000,2025-08-20 11:59:53+0000,frontend_service_container
2025-08-20 12:00:53+0000,2025-08-20 12:01:23+0000,frontend_service_container
2025-08-20 12:02:04+0000,2025-08-20 12:02:34+0000,frontend_service_container
2025-08-20 12:03:23+0000,2025-08-20 12:03:53+0000,frontend_service_container
2025-08-20 12:05:17+0000,2025-08-20 12:05:47+0000,frontend_service_container
2025-08-20 12:05:52+0000,2025-08-20 12:06:22+0000,frontend_service_container
2025-08-20 12:07:13+0000,2025-08-20 12:07:43+0000,recomd_service_container
2025-08-20 12:08:22+0000,2025-08-20 12:08:52+0000,geo_service_container
2025-08-20 12:09:59+0000,2025-08-20 12:10:29+0000,frontend_service_container
